month,spend_target,revenue_target,roas_target,spend_to_rev_pct,spend_2024,revenue_2024,roas_2024,spend_to_rev_pct_2024,spend_delta_pct,revenue_delta_pct,roas_delta_pct,spend_to_rev_delta_pct
2025-09,480000.0,1680000.0,3.5,0.2857142857142857,469519.0,1636312.1,3.485081753880035,0.2869373147090949,0.022322845294865612,0.026699001981345782,0.00428060148183218,-0.004262356034275716
2025-10,498000.0,2091600.0,4.2,0.23809523809523808,281780.0,1283978.72,4.556670877989921,0.21945846579139566,0.767336219745901,0.6289989603566015,-0.07827444367613812,0.08492163761664795
2025-11,1781000.0,8014500.0,4.5,0.2222222222222222,1369535.0,5911263.35,4.316255772944832,0.2316822849721287,0.30044139069100106,0.3558015479043073,0.04257028237457905,-0.04083205045670424
2025-12,2841000.0,11930900.0,4.199542414642732,0.23812118113470065,2911758.0,9650136.41,3.314195894713778,0.3017323150979168,-0.024300783238167423,0.23634521763200644,0.26713765512204724,-0.2108197590389792
