{
  "channels": {
    "C096GF9U0NN": 1752855768.009669,
    "D09430T3YBF": 1753206151.744069,
    "C091CPR9BPW": 1753388460.229999,
    "D091C4YDWBF": 1753375705.149389,
    "D093VHXRG9K": 1753359223.085889,
    "C0965SX0TR7": 1752601597.838939,
    "C09318FLSDP": 1753279607.300609,
    "D095M5L4Q59": 1752596877.206819,
    "D093PPS8VAP": 1752530999.783069,
    "D0921V28JJW": 1752197150.540589,
    "D091XFJF1QQ": 1751568198.509689,
    "D091ZN48A3X": 1750956389.419879,
    "C08JS5H7JFP": 1753391077.865319,
    "C08KQ1EC88G": 1753384528.665609,
    "C08F8RZDW04": 1753380392.318689,
    "C01UXKPBU77": 1752769263.568719
  }
}