{
  "channels": {
    "C092D2U5CD6": 1752863856.277509,
    "D09430T3YBF": 1752785618.820169,
    "D093VHXRG9K": 1752777100.373789,
    "sb-higherdose": 0,
    "C08JS5H7JFP": 1752863340.056609,
    "D091C4YDWBF": 1752778267.638229,
    "C0944UD2EUC": 1753118787.591369,
    "C091CPR9BPW": 1752778656.317179,
    "D0921V28JJW": 1752197150.540589,
    "C0888LHLRM2": 1753118787.591369,
    "CA9V9JACE": 1753118787.591369,
    "C08MBRQQ340": 1752955954.236369,
    "C095XHEN7QB": 1752713197.203169,
    "C096GF9U0NN": 1752855768.009669,
    "C0965SX0TR7": 1752601597.838939,
    "C09318FLSDP": 1752601102.303719,
    "D095M5L4Q59": 1752596877.206819,
    "D093PPS8VAP": 1752530999.783069,
    "D091XFJF1QQ": 1751568198.509689,
    "D091ZN48A3X": 1750956389.419879
  }
}